dose,n,responding,propkill,l10dose,probit_finney,probit_raw,logit
10.2,50,44,0.88,1.01,6.18,1.174986792,1.992430165
7.7,49,42,0.86,0.89,6.08,1.080319341,1.815289967
5.1,46,24,0.52,0.71,5.05,0.050153583,0.080042708
3.8,48,16,0.33,0.58,4.56,-0.439913166,-0.708185058
2.8,50,6,0.12,0.41,3.82,-1.174986792,-1.992430165
0,49,0,0,,,,